-- DDL COM CRIACAO DAS TABELAS

CREATE TABLE INFO (

  MAQUINA CHAR(3) NOT NULL PRIMARY kEY,
  USUARIO VARCHAR(32) NOT NULL,
  S_OPERACIONAL VARCHAR(32) NOT NULL,
  MEMORIA_GB INT NOT NULL

) ;

CREATE TABLE LAST_GEO (

  ENTRADA DATE NOT NULL,
  MAQUINA CHAR(3) NOT NULL,
  LATITUDE DECIMAL(10,8) NOT NULL,
  LONGITUDE DECIMAL(11,8) NOT NULL,
  PRIMARY KEY (MAQUINA)

) ;

CREATE TABLE HIST_GEO (

  ENTRADA DATE NOT NULL,
  SAIDA DATE NOT NULL,
  MAQUINA CHAR(3) NOT NULL,
  LATITUDE DECIMAL(10,8) NOT NULL,
  LONGITUDE DECIMAL(11,8) NOT NULL,
  PRIMARY KEY (MAQUINA, ENTRADA)

) ;

-- DML COM DADOS PARA TESTE

INSERT INTO INFO VALUES ('XXA','chaves','Linux Ubuntu 14.04',4),
('YYC','madruga','Windows XP',4),
('NVE','dneves','Windows ME',4),
('CHI','chiquinha','Windows 8',8),
('ZZA','kiko','Windows 10',8),
('KKT','dflorinda','Windows 10',8)
;

INSERT INTO LAST_GEO VALUES
(date('2020-01-02'),'XXA',0,0),
(date('2020-01-05'),'YYC',-23.5710816,-46.6467295),
(date('2020-01-10'),'ZZA',-23.5710816,-46.6467295),
(date('2020-01-15'),'KKT',0,0),
(date('2020-01-22'),'PPA',-23.5710816,-46.6467295)
;

INSERT INTO HIST_GEO VALUES
(date('2020-01-11'),date('2020-01-21'),'PPA',40.4319077,116.5681862),
(date('2019-12-16'),date('2020-01-10'),'PPA',35.3605556,138.7277777),
(date('2019-11-03'),date('2019-12-15'),'PPA',40.4319077,116.5681862),
(date('2019-10-01'),date('2019-11-02'),'PPA',0,0),
(date('2020-01-01'),date('2020-01-14'),'KKT',-23.5710816,-46.6467295),
(date('2019-11-05'),date('2019-12-31'),'KKT',0,0),
(date('2019-10-15'),date('2019-11-04'),'KKT',-23.5710816,-46.6467295),
(date('2019-10-02'),date('2019-10-14'),'KKT',40.4319077,116.5681862),
(date('2019-09-09'),date('2019-10-01'),'KKT',35.3605556,138.7277777),
(date('2020-01-05'),date('2020-01-09'),'ZZA',0,0),
(date('2019-11-11'),date('2020-01-04'),'ZZA',-23.5710816,-46.6467295),
(date('2019-10-11'),date('2019-11-10'),'ZZA',40.4319077,116.5681862),
(date('2019-09-03'),date('2019-10-10'),'ZZA',0,0),
(date('2019-08-04'),date('2019-09-02'),'ZZA',35.3605556,138.7277777),
(date('2019-11-22'),date('2020-01-04'),'YYC',35.3605556,138.7277777),
(date('2019-11-02'),date('2019-11-21'),'YYC',40.4319077,116.5681862),
(date('2019-10-15'),date('2019-11-01'),'YYC',35.3605556,138.7277777),
(date('2019-10-01'),date('2019-10-14'),'YYC',40.4319077,116.5681862),
(date('2019-12-10'),date('2020-01-01'),'XXA',-23.5710816,-46.6467295),
(date('2019-11-19'),date('2019-12-09'),'XXA',40.4319077,116.5681862),
(date('2019-10-14'),date('2019-11-18'),'XXA',0,0),
(date('2019-10-02'),date('2019-10-13'),'XXA',40.4319077,116.5681862),
(date('2019-09-22'),date('2019-10-01'),'XXA',-23.5710816,-46.6467295)
;
